<?xml version="1.0" encoding="UTF-8"?>
<configuration scan="true" scanPeriod="60 seconds" debug="false">

    <!-- 定义日志文件 输入位置 -->
    <property name="log_dir" value="logs/pay" />
    <!-- 日志最大的历史 60天 -->
    <property name="maxHistory" value="60"/>

    <!--输出到控制台-->
    <appender name="console" class="ch.qos.logback.core.ConsoleAppender">
        <encoder class="ch.qos.logback.classic.encoder.PatternLayoutEncoder">
            <!--格式化输出：%d表示日期，%thread表示线程名，%-5level：级别从左显示5个字符宽度，%msg：日志消息，%n是换行符-->
            <pattern>%d{yyyy-MM-dd HH:mm:ss.SSS} %-5level [%thread] %logger{50} : %msg%n</pattern>
        </encoder>
    </appender>

    <!--输出到文件-->
    <appender name="file" class="ch.qos.logback.core.rolling.RollingFileAppender">

        <!-- 追加方式记录日志 -->
        <append>true</append>
        <rollingPolicy class="ch.qos.logback.core.rolling.TimeBasedRollingPolicy">
            <!--日志文件输出的文件名-->
            <fileNamePattern>${log_dir}/%d{yyyy-MM-dd}/log.log</fileNamePattern>
            <!--日志文件保留天数-->
            <maxHistory>${maxHistory}</maxHistory>
        </rollingPolicy>
        <encoder class="ch.qos.logback.classic.encoder.PatternLayoutEncoder">
            <!--格式化输出：%d表示日期，%thread表示线程名，%-5level：级别从左显示5个字符宽度，%msg：日志消息，%n是换行符-->
            <pattern>%d{yyyy-MM-dd HH:mm:ss.SSS} %-5level [%thread] %logger{50} : %msg%n</pattern>
        </encoder>
        <!--日志文件最大的大小，若超过配置的10M，日志文件会以索引0开始，
            命名日志文件，例如logname-2013-12-21.0.log-->
        <triggeringPolicy class="ch.qos.logback.core.rolling.SizeBasedTriggeringPolicy">
            <MaxFileSize>10MB</MaxFileSize>
        </triggeringPolicy>
    </appender>


    <!-- 错误日志单独记录-->
    <appender name="ERROR" class="ch.qos.logback.core.rolling.RollingFileAppender">
        <!-- 过滤器，只记录EOOOR级别的日志 -->
        <filter class="ch.qos.logback.classic.filter.LevelFilter">
            <level>ERROR</level>
            <onMatch>ACCEPT</onMatch>
            <onMismatch>DENY</onMismatch>
        </filter>
        <append>true</append>
        <!-- 最常用的滚动策略，它根据时间来制定滚动策略.既负责滚动也负责出发滚动 -->
        <rollingPolicy class="ch.qos.logback.core.rolling.TimeBasedRollingPolicy">
            <!--日志输出位置  可相对、和绝对路径 -->
            <fileNamePattern>${log_dir}/%d{yyyy-MM-dd}/error-log.log</fileNamePattern>
            <!-- 可选节点，控制保留的归档文件的最大数量，超出数量就删除旧文件假设设置每个月滚动，且<maxHistory>是6，
            则只保存最近6个月的文件，删除之前的旧文件。注意，删除旧文件是，那些为了归档而创建的目录也会被删除-->
            <maxHistory>${maxHistory}</maxHistory>
        </rollingPolicy>

        <encoder>
            <pattern>%d{yyyy-MM-dd HH:mm:ss.SSS} [%thread] %-5level %logger - %msg%n</pattern>
        </encoder>
    </appender>


    <!-- 自定义INFO日志单独记录-->
    <appender name="INFO" class="ch.qos.logback.core.rolling.RollingFileAppender">
        <!-- 过滤器，只记录INFO级别的日志 -->
        <filter class="ch.qos.logback.classic.filter.LevelFilter">
            <level>INFO</level>
            <onMatch>ACCEPT</onMatch>
            <onMismatch>DENY</onMismatch>
        </filter>
        <append>true</append>
        <!-- 最常用的滚动策略，它根据时间来制定滚动策略.既负责滚动也负责出发滚动 -->
        <rollingPolicy class="ch.qos.logback.core.rolling.TimeBasedRollingPolicy">
            <!--日志输出位置  可相对、和绝对路径 -->
            <fileNamePattern>${log_dir}/%d{yyyy-MM-dd}/info-log.log</fileNamePattern>
            <!-- 可选节点，控制保留的归档文件的最大数量，超出数量就删除旧文件假设设置每个月滚动，且<maxHistory>是6，
            则只保存最近6个月的文件，删除之前的旧文件。注意，删除旧文件是，那些为了归档而创建的目录也会被删除-->
            <maxHistory>${maxHistory}</maxHistory>
        </rollingPolicy>

        <encoder>
            <pattern>%d{yyyy-MM-dd HH:mm:ss.SSS} [%thread] %-5level %logger - %msg%n</pattern>
        </encoder>
    </appender>


    <root level="info">
        <appender-ref ref="console" />
        <appender-ref ref="file" />
        <appender-ref ref="INFO" />
        <appender-ref ref="ERROR" />
    </root>

    <!--日志输出的级别-->
    <logger name="pers.mateng" level="debug"/>
</configuration>
